Image_name,Class
AYa42E5W.jpg,Dena_Plus
AYa46ca1.jpg,Dena_Plus
AYa4D9Iw.jpg,Dena_Plus
AYA4hRB1.jpg,Dena_Plus
AYA4ZgcU.jpg,Dena_Plus
AYa8MIME.jpg,Dena_Plus
AYaAD63f.jpg,Dena_Plus
AYac1SU_.jpg,Dena_Plus
AYAcHiJQ.jpg,Dena_Plus
AYagJCjH.jpg,Dena_Plus
AYagTviG.jpg,Dena_Plus
AYAgwCdv.jpg,Dena_Plus
AYAIyUEZ.jpg,Dena_Plus
AYaQaFy6.jpg,Dena_Plus
AYasMymt.jpg,Dena_Plus
AYaUlbqi.jpg,Dena_Plus
AYb06h6m.jpg,Dena_Plus
AYb44KBG.jpg,Dena_Plus
AYBcGw0I.jpg,Dena_Plus
AYbkpaX2.jpg,Dena_Plus
AYbQ5Sks.jpg,Dena_Plus
AYbw7o23.jpg,Dena_Plus
AYbY7CPL.jpg,Dena_Plus
AYc0fiVQ.jpg,Dena_Plus
AYCAOuPX.jpg,Dena_Plus
AYcEiARr.jpg,Dena_Plus
AYcgf8zt.jpg,Dena_Plus
AYcIdDWw.jpg,Dena_Plus
AYcsvq4m.jpg,Dena_Plus
AYcweszR.jpg,Dena_Plus
AYD0Nq52.jpg,Dena_Plus
AYd4T_wf.jpg,Dena_Plus
AYdE6LGH.jpg,Dena_Plus
AYDgd5Cm.jpg,Dena_Plus
AYdghLNE.jpg,Dena_Plus
AYdIUNp7.jpg,Dena_Plus
AYDkCFEZ.jpg,Dena_Plus
AYdkwUQK.jpg,Dena_Plus
AYDMFIvP.jpg,Dena_Plus
AYDoDKxk.jpg,Dena_Plus
AYDsrs4P.jpg,Dena_Plus
AYDUhq5Q.jpg,Dena_Plus
AYdYWPeI.jpg,Dena_Plus
AYe0EhJX.jpg,Dena_Plus
AYe42mRG.jpg,Dena_Plus
AYec2VmU.jpg,Dena_Plus
AYEc2xRf.jpg,Dena_Plus
AYEcEqfy.jpg,Dena_Plus
AYeclpRZ.jpg,Dena_Plus
AYecX_M6.jpg,Dena_Plus
AYEcYuvv.jpg,Dena_Plus
AYeEp087.jpg,Dena_Plus
AYeIzzp6.jpg,Dena_Plus
AYek2mGB.jpg,Dena_Plus
AYEkI1re.jpg,Dena_Plus
AYekpY47.jpg,Dena_Plus
AYeol1zT.jpg,Dena_Plus
AYEoUmHs.jpg,Dena_Plus
AYeQIaIM.jpg,Dena_Plus
AYeQZxEq.jpg,Dena_Plus
AYesUSQ6.jpg,Dena_Plus
AYesUvEe.jpg,Dena_Plus
AYeUiB5D.jpg,Dena_Plus
AYeUsZYk.jpg,Dena_Plus
AYewlG4y.jpg,Dena_Plus
AYewPcqm.jpg,Dena_Plus
AYeY1Ac_.jpg,Dena_Plus
AYeYqyJf.jpg,Dena_Plus
AYf0oQUP.jpg,Dena_Plus
AYF4aC6S.jpg,Dena_Plus
AYf4IDzh.jpg,Dena_Plus
AYf88SIq.jpg,Dena_Plus
AYf8_Bqz.jpg,Dena_Plus
AYfANGql.jpg,Dena_Plus
AYfAr6vT.jpg,Dena_Plus
AYfAtD7b.jpg,Dena_Plus
AYfc7Ml6.jpg,Dena_Plus
AYfcpO9J.jpg,Dena_Plus
AYfc_vBi.jpg,Dena_Plus
AYFEdmPX.jpg,Dena_Plus
AYfEtvN-.jpg,Dena_Plus
AYfgZAoF.jpg,Dena_Plus
AYfk5VcU.jpg,Dena_Plus
AYfkbFm8.jpg,Dena_Plus
AYfkN6_4.jpg,Dena_Plus
AYFkUsvR.jpg,Dena_Plus
AYFMdM8o.jpg,Dena_Plus
AYfMJeyD.jpg,Dena_Plus
AYfQ2MmA.jpg,Dena_Plus
AYFQFldJ.jpg,Dena_Plus
AYfQGlua.jpg,Dena_Plus
AYfQP-sp.jpg,Dena_Plus
AYfQrRG5.jpg,Dena_Plus
AYFQti3X.jpg,Dena_Plus
AYfQZatY.jpg,Dena_Plus
AYfsd2vP.jpg,Dena_Plus
AYfU4qn-.jpg,Dena_Plus
AYfUG3pq.jpg,Dena_Plus
AYfUoQ9Q.jpg,Dena_Plus
AYfw37_Y.jpg,Dena_Plus
AYFY8IfY.jpg,Dena_Plus
AYfYd1jC.jpg,Dena_Plus
AYfYmopb.jpg,Dena_Plus
AYfYt7Ad.jpg,Dena_Plus
AYfYZKO6.jpg,Dena_Plus
AYG4Hko2.jpg,Dena_Plus
AYG4WDH_.jpg,Dena_Plus
AYg89C7r.jpg,Dena_Plus
AYgAMSK_.jpg,Dena_Plus
AYGApeKN.jpg,Dena_Plus
AYgc9SG_.jpg,Dena_Plus
AYGcMrDJ.jpg,Dena_Plus
AYGEOW3Q.jpg,Dena_Plus
AYgEu73I.jpg,Dena_Plus
AYgEwi0I.jpg,Dena_Plus
AYggtZpf.jpg,Dena_Plus
AYGI6t55.jpg,Dena_Plus
AYgI9mjG.jpg,Dena_Plus
AYgIAAx7.jpg,Dena_Plus
AYgIBXg5.jpg,Dena_Plus
AYgkuDOu.jpg,Dena_Plus
AYgoeZKU.jpg,Dena_Plus
AYGs1XTx.jpg,Dena_Plus
AYgsQI-g.jpg,Dena_Plus
AYgUUgGS.jpg,Dena_Plus
AYgw93Gg.jpg,Dena_Plus
AYGYnJsk.jpg,Dena_Plus
AYh4CVw0.jpg,Dena_Plus
AYh84Vt8.jpg,Dena_Plus
AYh87Oi5.jpg,Dena_Plus
AYh8Jiat.jpg,Dena_Plus
AYhAVfbv.jpg,Dena_Plus
AYHcia4Q.jpg,Dena_Plus
AYHgzMTJ.jpg,Dena_Plus
AYhkyJ3o.jpg,Dena_Plus
AYhoitd8.jpg,Dena_Plus
AYhoTLjh.jpg,Dena_Plus
AYhQXxe8.jpg,Dena_Plus
AYhU16GZ.jpg,Dena_Plus
AYhUhN7Q.jpg,Dena_Plus
AYhwFDw9.jpg,Dena_Plus
AYhwWjuP.jpg,Dena_Plus
AYi020km.jpg,Dena_Plus
AYi0Iqmk.jpg,Dena_Plus
AYi0WdFa.jpg,Dena_Plus
AYi42UO_.jpg,Dena_Plus
AYi4HJw2.jpg,Dena_Plus
AYi4jhgL.jpg,Dena_Plus
AYi4kL4c.jpg,Dena_Plus
AYi8SRiC.jpg,Dena_Plus
AYiA6Tpg.jpg,Dena_Plus
AYiAjhHu.jpg,Dena_Plus
AYiAzTWu.jpg,Dena_Plus
AYic24ju.jpg,Dena_Plus
AYicXpOz.jpg,Dena_Plus
AYicy1pZ.jpg,Dena_Plus
AYiE4nHv.jpg,Dena_Plus
AYiEUvQA.jpg,Dena_Plus
AYigDElg.jpg,Dena_Plus
AYigj-dd.jpg,Dena_Plus
AYigyvsP.jpg,Dena_Plus
AYiI0App.jpg,Dena_Plus
AYiI0GV8.jpg,Dena_Plus
AYiImeTU.jpg,Dena_Plus
AYikyhU4.jpg,Dena_Plus
AYio3gFY.jpg,Dena_Plus
AYioEoxd.jpg,Dena_Plus
AYiQDSLA.jpg,Dena_Plus
AYiQjCtc.jpg,Dena_Plus
AYiQUR1x.jpg,Dena_Plus
AYis0Bej.jpg,Dena_Plus
AYis7B4w.jpg,Dena_Plus
AYisnUUw.jpg,Dena_Plus
AYisThB0.jpg,Dena_Plus
AYiU560w.jpg,Dena_Plus
AYiUkylI.jpg,Dena_Plus
AYiUTXEK.jpg,Dena_Plus
AYiUU4f9.jpg,Dena_Plus
AYiUyFIJ.jpg,Dena_Plus
AYiUZXbJ.jpg,Dena_Plus
AYiU_69o.jpg,Dena_Plus
AYiw0Dqa.jpg,Dena_Plus
AYiw0sJ1.jpg,Dena_Plus
AYiw2WKZ.jpg,Dena_Plus
AYiwBAi_.jpg,Dena_Plus
AYiwbQJo.jpg,Dena_Plus
AYiwHx0N.jpg,Dena_Plus
AYiwRM2l.jpg,Dena_Plus
AYiwSKfM.jpg,Dena_Plus
AYiwUGOI.jpg,Dena_Plus
AYiwXoAm.jpg,Dena_Plus
AYiwZCGI.jpg,Dena_Plus
AYiYD9EF.jpg,Dena_Plus
AYiYkfXQ.jpg,Dena_Plus
AYJ43fcO.jpg,Dena_Plus
AYj4KOki.jpg,Dena_Plus
AYjAIqUS.jpg,Dena_Plus
AYjEK_BK.jpg,Dena_Plus
AYjEuQEE.jpg,Dena_Plus
AYjgMFJt.jpg,Dena_Plus
AYjgqV-e.jpg,Dena_Plus
AYjIeRyl.jpg,Dena_Plus
AYJIKIrY.jpg,Dena_Plus
AYjktczS.jpg,Dena_Plus
AYjMah5U.jpg,Dena_Plus
AYjMfJ3s.jpg,Dena_Plus
AYjMMAc3.jpg,Dena_Plus
AYjobsxc.jpg,Dena_Plus
AYjQasaE.jpg,Dena_Plus
AYjsbsEp.jpg,Dena_Plus
AYjUN3U5.jpg,Dena_Plus
AYjw8wUp.jpg,Dena_Plus
AYjYeHf9.jpg,Dena_Plus
AYJYzYdR.jpg,Dena_Plus
AYK0OWsS.jpg,Dena_Plus
AYk4CPZR.jpg,Dena_Plus
AYk80Yk1.jpg,Dena_Plus
AYkADpFv.jpg,Dena_Plus
AYkAgjGu.jpg,Dena_Plus
AYkc09qP.jpg,Dena_Plus
AYkcd_dw.jpg,Dena_Plus
AYkENYtj.jpg,Dena_Plus
AYkEtRIF.jpg,Dena_Plus
AYkgtr9d.jpg,Dena_Plus
AYkI9MKU.jpg,Dena_Plus
AYkIBWsF.jpg,Dena_Plus
AYkIdb2B.jpg,Dena_Plus
AYkIdcV_.jpg,Dena_Plus
AYkIdeVv.jpg,Dena_Plus
AYkIdzej.jpg,Dena_Plus
AYkIz0hC.jpg,Dena_Plus
AYkkEL3_.jpg,Dena_Plus
AYkMtBOy.jpg,Dena_Plus
AYko40gE.jpg,Dena_Plus
AYkQAVUE.jpg,Dena_Plus
AYkQNu0s.jpg,Dena_Plus
AYkQtn_1.jpg,Dena_Plus
AYkU9Fq3.jpg,Dena_Plus
AYkUt2EB.jpg,Dena_Plus
AYkUtHTy.jpg,Dena_Plus
AYkY1Ts6.jpg,Dena_Plus
AYkYQ_fG.jpg,Dena_Plus
AYL0sRsD.jpg,Dena_Plus
AYL8tURF.jpg,Dena_Plus
AYLEb4k1.jpg,Dena_Plus
AYLENSBZ.jpg,Dena_Plus
AYLMnbfH.jpg,Dena_Plus
AYLosC4a.jpg,Dena_Plus
AYLskbtg.jpg,Dena_Plus
AYMQRWDi.jpg,Dena_Plus
AYNEECF2.jpg,Dena_Plus
AYO03Kfd.jpg,Dena_Plus
AYO4ZlnQ.jpg,Dena_Plus
AYOIdRvP.jpg,Dena_Plus
AYOMuNFq.jpg,Dena_Plus
AYOYMcPw.jpg,Dena_Plus
AYP8PYqc.jpg,Dena_Plus
AYPc-apX.jpg,Dena_Plus
AYPc8sxy.jpg,Dena_Plus
AYPcbMci.jpg,Dena_Plus
AYPcc6EH.jpg,Dena_Plus
AYPcskPE.jpg,Dena_Plus
AYPgiNtX.jpg,Dena_Plus
AYPgMxAc.jpg,Dena_Plus
AYPI9UKn.jpg,Dena_Plus
AYPkrwby.jpg,Dena_Plus
AYPMdUDn.jpg,Dena_Plus
AYPwfwb7.jpg,Dena_Plus
AYPYMIuq.jpg,Dena_Plus
AYR8p1-z.jpg,Dena_Plus
AYS0a6PO.jpg,Dena_Plus
AYS0sQF1.jpg,Dena_Plus
AYS41DXx.jpg,Dena_Plus
AYS4ey7M.jpg,Dena_Plus
AYS8339l.jpg,Dena_Plus
AYScm1le.jpg,Dena_Plus
AYSgIKsK.jpg,Dena_Plus
AYSIGNaQ.jpg,Dena_Plus
AYSk_ruv.jpg,Dena_Plus
AYSMmB-g.jpg,Dena_Plus
AYSMXnf1.jpg,Dena_Plus
AYSQpLEe.jpg,Dena_Plus
AYSsoGyv.jpg,Dena_Plus
AYSwbKl_.jpg,Dena_Plus
AYU8itaq.jpg,Dena_Plus
AYU8Sbpw.jpg,Dena_Plus
AYU8y7mH.jpg,Dena_Plus
AYUkfaOB.jpg,Dena_Plus
AYUoPvV1.jpg,Dena_Plus
AYV4h9gf.jpg,Dena_Plus
AYV4KAzR.jpg,Dena_Plus
AYVcC0-t.jpg,Dena_Plus
AYVcI5Lc.jpg,Dena_Plus
AYVgxVnR.jpg,Dena_Plus
AYVIE6c0.jpg,Dena_Plus
AYVMaa9y.jpg,Dena_Plus
AYVMCsA0.jpg,Dena_Plus
AYVoRwY5.jpg,Dena_Plus
AYVsBgxW.jpg,Dena_Plus
AYVsCGpo.jpg,Dena_Plus
AYVsMmK8.jpg,Dena_Plus
AYVURNV4.jpg,Dena_Plus
AYVwjYkq.jpg,Dena_Plus
AYVYRE4v.jpg,Dena_Plus
AYW4lJ7Y.jpg,Dena_Plus
AYWcXfbs.jpg,Dena_Plus
AYWQ3b4Y.jpg,Dena_Plus
AYWU4oh2.jpg,Dena_Plus
AYWwVB1g.jpg,Dena_Plus
AYX0awlD.jpg,Dena_Plus
AYX8qoiE.jpg,Dena_Plus
AYXAfZh5.jpg,Dena_Plus
AYXcrCiF.jpg,Dena_Plus
AYXgfySV.jpg,Dena_Plus
AYXM_5yV.jpg,Dena_Plus
AYXobgoa.jpg,Dena_Plus
AYXs_fvr.jpg,Dena_Plus
AYXw-eOB.jpg,Dena_Plus
AYXYbORK.jpg,Dena_Plus
AYY0Ovm2.jpg,Dena_Plus
AYY40Fsi.jpg,Dena_Plus
AYY4Bh_5.jpg,Dena_Plus
AYYEPOLO.jpg,Dena_Plus
AYYoRfQw.jpg,Dena_Plus
AYYQT5be.jpg,Dena_Plus
AYYUy0l1.jpg,Dena_Plus
AYZ80ujq.jpg,Dena_Plus
AYZ8o10U.jpg,Dena_Plus
AYZ8SVnX.jpg,Dena_Plus
AYZ8TiQS.jpg,Dena_Plus
AYZ8VAHp.jpg,Dena_Plus
AYZASFo5.jpg,Dena_Plus
AYZAy8QS.jpg,Dena_Plus
AYZIrAjN.jpg,Dena_Plus
AYZIxGPf.jpg,Dena_Plus
AYZQ6HhZ.jpg,Dena_Plus
AYZsK2Qp.jpg,Dena_Plus
AYZsm8Ay.jpg,Dena_Plus
AYZwT3vE.jpg,Dena_Plus
AYZYR5cT.jpg,Dena_Plus
gX1sDlYy.jpg,Dena_Plus
gXgvFUz5.jpg,Dena_Plus
gXpaBs-8.jpg,Dena_Plus
gXSKZL32.jpg,Dena_Plus
gXuL_Pbi.jpg,Dena_Plus
QX0wwNhp.jpg,Dena_Plus
wX-P_Fci.jpg,Dena_Plus
wX03RZWf.jpg,Dena_Plus
wX03ypGp.jpg,Dena_Plus
wX07SgQ_.jpg,Dena_Plus
wX0tzm9d.jpg,Dena_Plus
wX1Toy2F.jpg,Dena_Plus
wX5b60pH.jpg,Dena_Plus
wX5baYH3.jpg,Dena_Plus
wX5fqIZB.jpg,Dena_Plus
wX5L1N8u.jpg,Dena_Plus
wX5PZj_s.jpg,Dena_Plus
wX5XVrZ7.jpg,Dena_Plus
wX6rnb0N.jpg,Dena_Plus
wX6rX4X4.jpg,Dena_Plus
wX7f1UJW.jpg,Dena_Plus
wX87pGd2.jpg,Dena_Plus
wX8TJt0G.jpg,Dena_Plus
wX9bWjlh.jpg,Dena_Plus
wX9PZp2S.jpg,Dena_Plus
wX9rUHYM.jpg,Dena_Plus
wXcdGNNc.jpg,Dena_Plus
wXCVELP5.jpg,Dena_Plus
wXDPVHyz.jpg,Dena_Plus
wXDtFnUw.jpg,Dena_Plus
wXF4Vl2Y.jpg,Dena_Plus
wXpZKi0S.jpg,Dena_Plus
wXsaNu7o.jpg,Dena_Plus
wXTAkIRO.jpg,Dena_Plus
wXtD8Jvo.jpg,Dena_Plus
wXVPd3Wt.jpg,Dena_Plus
wXxHGxBR.jpg,Dena_Plus
wX_bePId.jpg,Dena_Plus
wX_Dwe2Q.jpg,Dena_Plus
wX_TOK4H.jpg,Dena_Plus
wX_TPx79.jpg,Dena_Plus
AYA0jBT-.jpg,MG
AYa8vCk2.jpg,MG
AYa8YSll.jpg,MG
AYAA3Aiu.jpg,MG
AYAAn46D.jpg,MG
AYaAuQFP.jpg,MG
AYacecQ6.jpg,MG
AYAETmq0.jpg,MG
AYagKe5c.jpg,MG
AYagLUXd.jpg,MG
AYAgpEdA.jpg,MG
AYAI2JfK.jpg,MG
AYAM7DWp.jpg,MG
AYAMzkV5.jpg,MG
AYaU3p3t.jpg,MG
AYbcNrSk.jpg,MG
AYBE0TiG.jpg,MG
AYbgrj5S.jpg,MG
AYBk04Og.jpg,MG
AYbkqQv0.jpg,MG
AYbouL2E.jpg,MG
AYBUiJ_D.jpg,MG
AYbYrbfy.jpg,MG
AYCca9yg.jpg,MG
AYccUUaM.jpg,MG
AYccv-dM.jpg,MG
AYCIqWpx.jpg,MG
AYcQji6z.jpg,MG
AYCwByWP.jpg,MG
AYcYhC0g.jpg,MG
AYd0qk99.jpg,MG
AYdc5H2n.jpg,MG
AYdcDEvr.jpg,MG
AYdcqsM1.jpg,MG
AYDEvPG1.jpg,MG
AYdgrjnz.jpg,MG
AYDIN9XT.jpg,MG
AYdkBzKi.jpg,MG
AYdwMk9s.jpg,MG
AYecMerA.jpg,MG
AYeEqnki.jpg,MG
AYeg_Yyt.jpg,MG
AYeoyNxO.jpg,MG
AYeszCRQ.jpg,MG
AYf0MKg8.jpg,MG
AYfAaGao.jpg,MG
AYfkLBQm.jpg,MG
AYfkrfRo.jpg,MG
AYfkvNUF.jpg,MG
AYfMstVk.jpg,MG
AYfw4wyg.jpg,MG
AYfYPu5R.jpg,MG
AYg0-9s_.jpg,MG
AYG06mN2.jpg,MG
AYg0ftd5.jpg,MG
AYg8wx9I.jpg,MG
AYgcSZ9p.jpg,MG
AYgcWnBe.jpg,MG
AYGEcD5M.jpg,MG
AYGEOTFI.jpg,MG
AYggOS5a.jpg,MG
AYggQDho.jpg,MG
AYgkAlm9.jpg,MG
AYgo-JF7.jpg,MG
AYgsg9I7.jpg,MG
AYgwBMhv.jpg,MG
AYH0dSSK.jpg,MG
AYh4yFi1.jpg,MG
AYHEDVnM.jpg,MG
AYHgNDok.jpg,MG
AYHION-f.jpg,MG
AYhIs1UP.jpg,MG
AYhITP5j.jpg,MG
AYhkx8Gh.jpg,MG
AYHQQ6rH.jpg,MG
AYHUeqVv.jpg,MG
AYhUjiD5.jpg,MG
AYHY-grL.jpg,MG
AYhYrxih.jpg,MG
AYi49XEc.jpg,MG
AYI4fGkY.jpg,MG
AYiA2xfM.jpg,MG
AYIE0XWx.jpg,MG
AYiE1TM1.jpg,MG
AYigTeoC.jpg,MG
AYIMBq1c.jpg,MG
AYiMN9F8.jpg,MG
AYiMt8AE.jpg,MG
AYIMy0u3.jpg,MG
AYiQ63Ea.jpg,MG
AYisi0qW.jpg,MG
AYisom-i.jpg,MG
AYisZT7W.jpg,MG
AYiUjkzN.jpg,MG
AYiUXrAt.jpg,MG
AYJ0ZPb8.jpg,MG
AYj4eiXk.jpg,MG
AYj8orwS.jpg,MG
AYjcusG_.jpg,MG
AYjEA7Bo.jpg,MG
AYjIeKbs.jpg,MG
AYJIKQ4Q.jpg,MG
AYJoEFVN.jpg,MG
AYjUnYYg.jpg,MG
AYjwWJY5.jpg,MG
AYkEToPs.jpg,MG
AYKg4UiO.jpg,MG
AYkI9klx.jpg,MG
AYKk_Pm6.jpg,MG
AYKosn95.jpg,MG
AYKs6ygk.jpg,MG
AYKY8QQ9.jpg,MG
AYKYoQzL.jpg,MG
AYL0eVeQ.jpg,MG
AYLEg4Xp.jpg,MG
AYLkBJ6d.jpg,MG
AYLQgjvs.jpg,MG
AYLsLCzK.jpg,MG
AYLYDU3-.jpg,MG
AYM8gRVi.jpg,MG
AYNAb44j.jpg,MG
AYNEaHun.jpg,MG
AYNkN0M7.jpg,MG
AYNoif5e.jpg,MG
AYNsy0JX.jpg,MG
AYNwpw_B.jpg,MG
AYNYwfK0.jpg,MG
AYO0-m1F.jpg,MG
AYO4WeiG.jpg,MG
AYOcnWPx.jpg,MG
AYOgqOs-.jpg,MG
AYOI9VyO.jpg,MG
AYOMmBor.jpg,MG
AYOQYTo4.jpg,MG
AYOUvnhg.jpg,MG
AYPMtf5v.jpg,MG
AYPsaUjt.jpg,MG
AYQ0zsMf.jpg,MG
AYQ8C7nB.jpg,MG
AYQA_93G.jpg,MG
AYQcJnU6.jpg,MG
AYQkVYQb.jpg,MG
AYR43EMP.jpg,MG
AYRg11pw.jpg,MG
AYRg1XTZ.jpg,MG
AYRwAgc_.jpg,MG
AYRYOhnM.jpg,MG
AYS8ZG3E.jpg,MG
AYSAIgfP.jpg,MG
AYSEnwpy.jpg,MG
AYSIXErh.jpg,MG
AYTYtARG.jpg,MG
AYV0ZKjX.jpg,MG
AYV8mzg9.jpg,MG
AYVcdYGd.jpg,MG
AYVcFepw.jpg,MG
AYVcUAPM.jpg,MG
AYVEX87q.jpg,MG
AYVgATg-.jpg,MG
AYVMC2n1.jpg,MG
AYVMWpzJ.jpg,MG
AYVQW-kP.jpg,MG
AYVsGsPq.jpg,MG
AYVwTAkX.jpg,MG
AYVwTfK7.jpg,MG
AYW0kWuC.jpg,MG
AYWAEZd6.jpg,MG
AYWAvZja.jpg,MG
AYWMfxzs.jpg,MG
AYWMUTs1.jpg,MG
AYWQf3sU.jpg,MG
AYWsF-Zy.jpg,MG
AYWsV7H5.jpg,MG
AYWwXn4K.jpg,MG
AYX06Eos.jpg,MG
AYX0anG5.jpg,MG
AYX8cGXJ.jpg,MG
AYXcdRkP.jpg,MG
AYXEBpEo.jpg,MG
AYXEmh5-.jpg,MG
AYXoZQuF.jpg,MG
AYXQrHy0.jpg,MG
wX-7MFz2.jpg,MG
wX-H8vcI.jpg,MG
wX-LZPTq.jpg,MG
wX-n32b1.jpg,MG
wX-nLybI.jpg,MG
wX-yTPYN.jpg,MG
wX-z_qrz.jpg,MG
wX93oehJ.jpg,MG
wX9DIIVd.jpg,MG
wX9PL5ig.jpg,MG
wX9vcsnt.jpg,MG
wXcDXL2k.jpg,MG
wXm-ZVCu.jpg,MG
wXmH_jU1.jpg,MG
wXPrStXM.jpg,MG
wXPzkPvB.jpg,MG
wXQLm8Uc.jpg,MG
wXXvmcXB.jpg,MG
wXX_4rdz.jpg,MG
wX_3y_lL.jpg,MG
wX_LgKMi.jpg,MG
wX_TdwoW.jpg,MG
AYa41jyJ.jpg,peugeot_206
AYa4F0vK.jpg,peugeot_206
AYa4Ww14.jpg,peugeot_206
AYa8lwq9.jpg,peugeot_206
AYa8nvSs.jpg,peugeot_206
AYa8SCJg.jpg,peugeot_206
AYa8VMoh.jpg,peugeot_206
AYa8yQ5d.jpg,peugeot_206
AYaA5VZL.jpg,peugeot_206
AYaAOgkJ.jpg,peugeot_206
AYac1ewp.jpg,peugeot_206
AYaEXcGt.jpg,peugeot_206
AYag-kUb.jpg,peugeot_206
AYagGYZP.jpg,peugeot_206
AYaI2Nbc.jpg,peugeot_206
AYaI34-r.jpg,peugeot_206
AYaImJ0z.jpg,peugeot_206
AYakIMcB.jpg,peugeot_206
AYaoWd8R.jpg,peugeot_206
AYaoWpdl.jpg,peugeot_206
AYaQX5UD.jpg,peugeot_206
AYaslj-z.jpg,peugeot_206
AYasmQ7O.jpg,peugeot_206
AYasnL-m.jpg,peugeot_206
AYaweKia.jpg,peugeot_206
AYawWuEq.jpg,peugeot_206
AYaYN0RP.jpg,peugeot_206
AYb03tMZ.jpg,peugeot_206
AYb450h1.jpg,peugeot_206
AYb4obUm.jpg,peugeot_206
AYb4ZYai.jpg,peugeot_206
AYbA6ysB.jpg,peugeot_206
AYbAKB_q.jpg,peugeot_206
AYbAoe6Q.jpg,peugeot_206
AYbAq05-.jpg,peugeot_206
AYbAuPSY.jpg,peugeot_206
AYbgZslG.jpg,peugeot_206
AYbIQ0OR.jpg,peugeot_206
AYbkS2l7.jpg,peugeot_206
AYboIPbL.jpg,peugeot_206
AYbQ5iQe.jpg,peugeot_206
AYbsMJkS.jpg,peugeot_206
AYBUoQFg.jpg,peugeot_206
AYbwriGA.jpg,peugeot_206
AYbY6Qj-.jpg,peugeot_206
AYbYIZ8v.jpg,peugeot_206
AYc020MW.jpg,peugeot_206
AYC0pWhS.jpg,peugeot_206
AYc0uM5z.jpg,peugeot_206
AYc80Stk.jpg,peugeot_206
AYC8oRGe.jpg,peugeot_206
AYccONN8.jpg,peugeot_206
AYcEP5E7.jpg,peugeot_206
AYcIP98W.jpg,peugeot_206
AYcIUgY2.jpg,peugeot_206
AYcIya9Q.jpg,peugeot_206
AYcQETiM.jpg,peugeot_206
AYcQhiIY.jpg,peugeot_206
AYcQi6Ii.jpg,peugeot_206
AYcwASqV.jpg,peugeot_206
AYcwgjdm.jpg,peugeot_206
AYcwzEKa.jpg,peugeot_206
AYcYGnDQ.jpg,peugeot_206
AYd4322Z.jpg,peugeot_206
AYd4yzU6.jpg,peugeot_206
AYdgWOCf.jpg,peugeot_206
AYe08BEI.jpg,peugeot_206
AYe0GX0G.jpg,peugeot_206
AYe0Hxzq.jpg,peugeot_206
AYe0NU7D.jpg,peugeot_206
AYe0oVuR.jpg,peugeot_206
AYe0U9-e.jpg,peugeot_206
AYe0WsEm.jpg,peugeot_206
AYe4GHp2.jpg,peugeot_206
AYe4m0jk.jpg,peugeot_206
AYe4ygPe.jpg,peugeot_206
AYe4zOSv.jpg,peugeot_206
AYe8C66A.jpg,peugeot_206
AYe8zEyE.jpg,peugeot_206
AYeA4p5-.jpg,peugeot_206
AYeAEJ72.jpg,peugeot_206
AYeAM6U8.jpg,peugeot_206
AYeAUbAn.jpg,peugeot_206
AYeAXrXC.jpg,peugeot_206
AYeAXX1J.jpg,peugeot_206
AYec2fGj.jpg,peugeot_206
AYec5fGH.jpg,peugeot_206
AYecFRm3.jpg,peugeot_206
AYecZFiq.jpg,peugeot_206
AYeETGkV.jpg,peugeot_206
AYeEtZPq.jpg,peugeot_206
AYeEUzn5.jpg,peugeot_206
AYegegRy.jpg,peugeot_206
AYegvXw4.jpg,peugeot_206
AYeI4SJC.jpg,peugeot_206
AYeIIVlE.jpg,peugeot_206
AYeIk0QN.jpg,peugeot_206
AYekPA_H.jpg,peugeot_206
AYeMDg4U.jpg,peugeot_206
AYeo9oez.jpg,peugeot_206
AYeoD7s-.jpg,peugeot_206
AYeokwnv.jpg,peugeot_206
AYeosa9s.jpg,peugeot_206
AYeoZ_bB.jpg,peugeot_206
AYeQ0Mn1.jpg,peugeot_206
AYeQ0zTe.jpg,peugeot_206
AYeQDcKh.jpg,peugeot_206
AYeQTzvm.jpg,peugeot_206
AYes-4mL.jpg,peugeot_206
AYes35V_.jpg,peugeot_206
AYes84lL.jpg,peugeot_206
AYesj9l9.jpg,peugeot_206
AYesnrDU.jpg,peugeot_206
AYesNv37.jpg,peugeot_206
AYespDfb.jpg,peugeot_206
AYesW9-m.jpg,peugeot_206
AYeU5uvc.jpg,peugeot_206
AYeUMO73.jpg,peugeot_206
AYeUs9Z0.jpg,peugeot_206
AYeUsxu3.jpg,peugeot_206
AYew3nFg.jpg,peugeot_206
AYewvtmQ.jpg,peugeot_206
AYewXiab.jpg,peugeot_206
AYewYvIB.jpg,peugeot_206
AYeY0rfd.jpg,peugeot_206
AYeY5Y0B.jpg,peugeot_206
AYeYbJFH.jpg,peugeot_206
AYeYbpsh.jpg,peugeot_206
AYeYfWen.jpg,peugeot_206
AYeYI0-8.jpg,peugeot_206
AYeYJx_P.jpg,peugeot_206
AYeYOYPO.jpg,peugeot_206
AYf4phMB.jpg,peugeot_206
AYf865_d.jpg,peugeot_206
AYf86JZB.jpg,peugeot_206
AYF8CddG.jpg,peugeot_206
AYf8e_iy.jpg,peugeot_206
AYf8PCMC.jpg,peugeot_206
AYfA-xnC.jpg,peugeot_206
AYFADID1.jpg,peugeot_206
AYfAfiOV.jpg,peugeot_206
AYfANFBo.jpg,peugeot_206
AYfAQ0_a.jpg,peugeot_206
AYfE9sL6.jpg,peugeot_206
AYfEbiRa.jpg,peugeot_206
AYfEfPen.jpg,peugeot_206
AYfEth5I.jpg,peugeot_206
AYfg68tw.jpg,peugeot_206
AYfga-22.jpg,peugeot_206
AYfgKeSQ.jpg,peugeot_206
AYfgpZzj.jpg,peugeot_206
AYfgq2QX.jpg,peugeot_206
AYfI6Xft.jpg,peugeot_206
AYfILdGI.jpg,peugeot_206
AYfkuHHg.jpg,peugeot_206
AYfkZcfu.jpg,peugeot_206
AYfMwLod.jpg,peugeot_206
AYfotMOF.jpg,peugeot_206
AYfouH5T.jpg,peugeot_206
AYfQ5S5d.jpg,peugeot_206
AYfQgtKX.jpg,peugeot_206
AYfQL3O6.jpg,peugeot_206
AYfQqht2.jpg,peugeot_206
AYfs8dAx.jpg,peugeot_206
AYfsf2Yw.jpg,peugeot_206
AYfsrM-Y.jpg,peugeot_206
AYfUJLG5.jpg,peugeot_206
AYFUVWWy.jpg,peugeot_206
AYfwfUUo.jpg,peugeot_206
AYfwPBRU.jpg,peugeot_206
AYG08sXG.jpg,peugeot_206
AYg4AK5n.jpg,peugeot_206
AYg4NbWX.jpg,peugeot_206
AYg4vxAZ.jpg,peugeot_206
AYG83oOX.jpg,peugeot_206
AYg8LO5o.jpg,peugeot_206
AYg8MgIj.jpg,peugeot_206
AYG8nYOF.jpg,peugeot_206
AYG8raTC.jpg,peugeot_206
AYgAeBlr.jpg,peugeot_206
AYgAhIVf.jpg,peugeot_206
AYgAvERX.jpg,peugeot_206
AYgcAD08.jpg,peugeot_206
AYgcd2ZS.jpg,peugeot_206
AYgcsKXf.jpg,peugeot_206
AYggePvY.jpg,peugeot_206
AYggOm3J.jpg,peugeot_206
AYgIAZnD.jpg,peugeot_206
AYgIefrM.jpg,peugeot_206
AYgIfb2Z.jpg,peugeot_206
AYgINUB1.jpg,peugeot_206
AYgkf3m6.jpg,peugeot_206
AYgkO1Av.jpg,peugeot_206
AYgkOpyi.jpg,peugeot_206
AYgk_47W.jpg,peugeot_206
AYgM0yFZ.jpg,peugeot_206
AYgMONrj.jpg,peugeot_206
AYgMOwj0.jpg,peugeot_206
AYgMsjHM.jpg,peugeot_206
AYgoiQk4.jpg,peugeot_206
AYgoPW-g.jpg,peugeot_206
AYgowsZ0.jpg,peugeot_206
AYgo_cyn.jpg,peugeot_206
AYgo_Qpz.jpg,peugeot_206
AYgQ0o38.jpg,peugeot_206
AYgQR6wX.jpg,peugeot_206
AYgQRLNe.jpg,peugeot_206
AYgQXHHy.jpg,peugeot_206
AYgs91LY.jpg,peugeot_206
AYgsAFrW.jpg,peugeot_206
AYgsdqJY.jpg,peugeot_206
AYgseSuM.jpg,peugeot_206
AYgU9qp9.jpg,peugeot_206
AYgU9UwK.jpg,peugeot_206
AYgUFQg_.jpg,peugeot_206
AYgUu5aY.jpg,peugeot_206
AYgU_vBL.jpg,peugeot_206
AYGwohI3.jpg,peugeot_206
AYgw_xF5.jpg,peugeot_206
AYgY9iNb.jpg,peugeot_206
AYgYH-1K.jpg,peugeot_206
AYgYRLCv.jpg,peugeot_206
AYh0FQkP.jpg,peugeot_206
AYh0SCxg.jpg,peugeot_206
AYh4DRIS.jpg,peugeot_206
AYh4EMeD.jpg,peugeot_206
AYh4lupJ.jpg,peugeot_206
AYhAg6er.jpg,peugeot_206
AYhAUYRN.jpg,peugeot_206
AYhc1A60.jpg,peugeot_206
AYhc1aLC.jpg,peugeot_206
AYhcggu4.jpg,peugeot_206
AYhcH1qV.jpg,peugeot_206
AYhcmwIA.jpg,peugeot_206
AYhE5jwK.jpg,peugeot_206
AYhEAZv_.jpg,peugeot_206
AYhExeod.jpg,peugeot_206
AYhgA2Ly.jpg,peugeot_206
AYhgB9yr.jpg,peugeot_206
AYhIagg8.jpg,peugeot_206
AYhIiIjo.jpg,peugeot_206
AYhIWWRn.jpg,peugeot_206
AYhIydew.jpg,peugeot_206
AYhk0k08.jpg,peugeot_206
AYhkjJZz.jpg,peugeot_206
AYhkTklb.jpg,peugeot_206
AYHMeqsE.jpg,peugeot_206
AYhMLIku.jpg,peugeot_206
AYhoDVL2.jpg,peugeot_206
AYhol4dQ.jpg,peugeot_206
AYhoRG1T.jpg,peugeot_206
AYhowh3F.jpg,peugeot_206
AYhowJRq.jpg,peugeot_206
AYhoZr56.jpg,peugeot_206
AYhQJt5K.jpg,peugeot_206
AYhQQnVM.jpg,peugeot_206
AYhQyedn.jpg,peugeot_206
AYhU0WLw.jpg,peugeot_206
AYhUAZxf.jpg,peugeot_206
AYhUIf8V.jpg,peugeot_206
AYhUiPw9.jpg,peugeot_206
AYhUSXSK.jpg,peugeot_206
AYhw1FCf.jpg,peugeot_206
AYhwA2sP.jpg,peugeot_206
AYhwBuiP.jpg,peugeot_206
AYhwQ3nS.jpg,peugeot_206
AYhww_1o.jpg,peugeot_206
AYhYRbn5.jpg,peugeot_206
AYhYRZe-.jpg,peugeot_206
AYhYwit4.jpg,peugeot_206
AYi00Sm9.jpg,peugeot_206
AYi0EPCC.jpg,peugeot_206
AYi0X5xA.jpg,peugeot_206
AYi4e69o.jpg,peugeot_206
AYi4mnVD.jpg,peugeot_206
AYi80bWJ.jpg,peugeot_206
AYi8eFHJ.jpg,peugeot_206
AYi8kko8.jpg,peugeot_206
AYiA0w_N.jpg,peugeot_206
AYiAChlO.jpg,peugeot_206
AYiAkubh.jpg,peugeot_206
AYiANlHl.jpg,peugeot_206
AYiARlMH.jpg,peugeot_206
AYicBaE_.jpg,peugeot_206
AYicJ3Qt.jpg,peugeot_206
AYicNwF2.jpg,peugeot_206
AYicSh4x.jpg,peugeot_206
AYicuijl.jpg,peugeot_206
AYiE0O82.jpg,peugeot_206
AYiE2tLr.jpg,peugeot_206
AYiEG_-3.jpg,peugeot_206
AYiEicZS.jpg,peugeot_206
AYiEZwuP.jpg,peugeot_206
AYig4Mcx.jpg,peugeot_206
AYigDESl.jpg,peugeot_206
AYigHYP2.jpg,peugeot_206
AYigIWqF.jpg,peugeot_206
AYigORAd.jpg,peugeot_206
AYigR2bC.jpg,peugeot_206
AYigtSsc.jpg,peugeot_206
AYiI0ZOC.jpg,peugeot_206
AYiIEElI.jpg,peugeot_206
AYiIh4gj.jpg,peugeot_206
AYikcNXj.jpg,peugeot_206
AYikDkZg.jpg,peugeot_206
AYikjeN-.jpg,peugeot_206
AYiknmHe.jpg,peugeot_206
AYikUEtU.jpg,peugeot_206
AYiMJIt8.jpg,peugeot_206
AYiMlPGX.jpg,peugeot_206
AYiMvl3t.jpg,peugeot_206
AYiooUqQ.jpg,peugeot_206
AYioWwpj.jpg,peugeot_206
AYioXrqM.jpg,peugeot_206
AYiQD39_.jpg,peugeot_206
AYiQjzHa.jpg,peugeot_206
AYiQmioV.jpg,peugeot_206
AYiQoHtL.jpg,peugeot_206
AYiQUBsF.jpg,peugeot_206
AYiQz-Ju.jpg,peugeot_206
AYisoSPK.jpg,peugeot_206
AYiszxcd.jpg,peugeot_206
AYis_WKF.jpg,peugeot_206
AYiUE2Dj.jpg,peugeot_206
AYiUjRqX.jpg,peugeot_206
AYiUub2c.jpg,peugeot_206
AYiUXsg1.jpg,peugeot_206
AYiwGLw0.jpg,peugeot_206
AYiwn1wD.jpg,peugeot_206
AYiwn33A.jpg,peugeot_206
AYiwzDad.jpg,peugeot_206
AYiYCpO5.jpg,peugeot_206
AYiYjj0E.jpg,peugeot_206
AYiYY2ch.jpg,peugeot_206
AYj0n9Cx.jpg,peugeot_206
AYj0Opb-.jpg,peugeot_206
AYj0qvKN.jpg,peugeot_206
AYj4-8Zj.jpg,peugeot_206
AYj8-ozg.jpg,peugeot_206
AYj86BVU.jpg,peugeot_206
AYj88Ot4.jpg,peugeot_206
AYj8fDQg.jpg,peugeot_206
AYj8rya8.jpg,peugeot_206
AYj8v4XT.jpg,peugeot_206
AYjAJgNr.jpg,peugeot_206
AYjcYTNH.jpg,peugeot_206
AYjc_vQh.jpg,peugeot_206
AYjE5HwA.jpg,peugeot_206
AYjENf6C.jpg,peugeot_206
AYjEPfMs.jpg,peugeot_206
AYjgbXEQ.jpg,peugeot_206
AYjgcH_-.jpg,peugeot_206
AYjgn6Q5.jpg,peugeot_206
AYjgq05g.jpg,peugeot_206
AYjIvuUL.jpg,peugeot_206
AYjkafTN.jpg,peugeot_206
AYjM88mf.jpg,peugeot_206
AYjMs4Dy.jpg,peugeot_206
AYjMsUyb.jpg,peugeot_206
AYjssK-n.jpg,peugeot_206
AYjsYgSX.jpg,peugeot_206
AYjULAJb.jpg,peugeot_206
AYjUn9-l.jpg,peugeot_206
AYjw4_t7.jpg,peugeot_206
AYjw8kYJ.jpg,peugeot_206
AYk0hWQs.jpg,peugeot_206
AYk0s_hC.jpg,peugeot_206
AYk48usJ.jpg,peugeot_206
AYk4c5J3.jpg,peugeot_206
AYk8856p.jpg,peugeot_206
AYk8Aw93.jpg,peugeot_206
AYk8iqiT.jpg,peugeot_206
AYkAh4-L.jpg,peugeot_206
AYKAp8N6.jpg,peugeot_206
AYkAtO0v.jpg,peugeot_206
AYkc8yKu.jpg,peugeot_206
AYkccgrc.jpg,peugeot_206
AYkE9Z7Z.jpg,peugeot_206
AYkEC7eh.jpg,peugeot_206
AYkEgkbR.jpg,peugeot_206
AYkggWnQ.jpg,peugeot_206
AYkI90ur.jpg,peugeot_206
AYkIAjhQ.jpg,peugeot_206
AYkICrsm.jpg,peugeot_206
AYkIQEdQ.jpg,peugeot_206
AYkItmZa.jpg,peugeot_206
AYkk8ZaG.jpg,peugeot_206
AYKkJ36y.jpg,peugeot_206
AYkQTj-G.jpg,peugeot_206
AYks8h1A.jpg,peugeot_206
AYksCq_G.jpg,peugeot_206
AYksMBRc.jpg,peugeot_206
AYksQpSA.jpg,peugeot_206
AYkwsCC4.jpg,peugeot_206
AYkYDaIE.jpg,peugeot_206
AYLwMy41.jpg,peugeot_206
AYNcTzNE.jpg,peugeot_206
AYO83Gb2.jpg,peugeot_206
AYOALOzS.jpg,peugeot_206
AYOUrEPb.jpg,peugeot_206
AYPYv6FN.jpg,peugeot_206
AYR8O5lo.jpg,peugeot_206
AYR8RSJ5.jpg,peugeot_206
AYRQVyeI.jpg,peugeot_206
AYRYlRnR.jpg,peugeot_206
AYScorKC.jpg,peugeot_206
AYSg7ffK.jpg,peugeot_206
AYSkv0qS.jpg,peugeot_206
AYSwd3f-.jpg,peugeot_206
AYTU9ZLa.jpg,peugeot_206
AYTYZQIN.jpg,peugeot_206
AYUgfuPt.jpg,peugeot_206
AYUkuq9h.jpg,peugeot_206
AYUoxMHp.jpg,peugeot_206
AYUYCgUZ.jpg,peugeot_206
AYUYCwfY.jpg,peugeot_206
AYVYyIqc.jpg,peugeot_206
AYW0uEEj.jpg,peugeot_206
AYW84QHu.jpg,peugeot_206
AYW8lfpW.jpg,peugeot_206
AYWw1S8-.jpg,peugeot_206
AYWY1Fag.jpg,peugeot_206
AYX0sHtU.jpg,peugeot_206
AYX8rCIr.jpg,peugeot_206
AYX8ZkZ4.jpg,peugeot_206
AYXAd5hI.jpg,peugeot_206
AYXAtm6y.jpg,peugeot_206
AYXc4DHj.jpg,peugeot_206
AYXc92eq.jpg,peugeot_206
AYXcuEsm.jpg,peugeot_206
AYXEKYGT.jpg,peugeot_206
AYXEL9Yg.jpg,peugeot_206
AYXkeB-w.jpg,peugeot_206
AYXkjvU0.jpg,peugeot_206
AYXkMvKZ.jpg,peugeot_206
AYXks1Xb.jpg,peugeot_206
AYXMcOIc.jpg,peugeot_206
AYXMsV55.jpg,peugeot_206
AYXMugtA.jpg,peugeot_206
AYXo-XmE.jpg,peugeot_206
AYXopXME.jpg,peugeot_206
AYXozGil.jpg,peugeot_206
AYXQMgZJ.jpg,peugeot_206
AYXsKhrg.jpg,peugeot_206
AYXsKko0.jpg,peugeot_206
AYXU86mv.jpg,peugeot_206
AYXUbAW4.jpg,peugeot_206
AYXUKGnW.jpg,peugeot_206
AYXUuG3t.jpg,peugeot_206
AYXw8ZXH.jpg,peugeot_206
AYXws9xd.jpg,peugeot_206
AYXwstj-.jpg,peugeot_206
AYXwZVhj.jpg,peugeot_206
AYXYMBAk.jpg,peugeot_206
AYXYNu-U.jpg,peugeot_206
AYXYp_5w.jpg,peugeot_206
AYY0-zzS.jpg,peugeot_206
AYY4z4fq.jpg,peugeot_206
AYY4z_2r.jpg,peugeot_206
AYY8e663.jpg,peugeot_206
AYYAlr64.jpg,peugeot_206
AYYAZQz-.jpg,peugeot_206
AYYcEONq.jpg,peugeot_206
AYYoeaDf.jpg,peugeot_206
AYYQ-Kwb.jpg,peugeot_206
AYYQ9lBe.jpg,peugeot_206
AYYsEH0t.jpg,peugeot_206
AYYsvv9T.jpg,peugeot_206
AYYwG7ur.jpg,peugeot_206
AYYY1038.jpg,peugeot_206
AYYYfDwO.jpg,peugeot_206
AYZ0kL7F.jpg,peugeot_206
AYZ4opXt.jpg,peugeot_206
AYZ8FNJx.jpg,peugeot_206
AYZA3vak.jpg,peugeot_206
AYZABsjf.jpg,peugeot_206
AYZcDVzH.jpg,peugeot_206
AYZcjJQV.jpg,peugeot_206
AYZcTUPA.jpg,peugeot_206
AYZg4wIu.jpg,peugeot_206
AYZgnXx5.jpg,peugeot_206
AYZI6vnS.jpg,peugeot_206
AYZITQxV.jpg,peugeot_206
AYZIzbiP.jpg,peugeot_206
AYZkH2-Y.jpg,peugeot_206
AYZM0Gr1.jpg,peugeot_206
AYZMj7qT.jpg,peugeot_206
AYZoDum7.jpg,peugeot_206
AYZoz47a.jpg,peugeot_206
AYZQ4utU.jpg,peugeot_206
AYZQWplD.jpg,peugeot_206
AYZw1FMl.jpg,peugeot_206
AYZw1L3E.jpg,peugeot_206
AYZwzTb2.jpg,peugeot_206
gXUmBM48.jpg,peugeot_206
QXGHZZjO.jpg,peugeot_206
QXJ5w0aN.jpg,peugeot_206
QXskSanv.jpg,peugeot_206
wX-3Zd-z.jpg,peugeot_206
wX-fa-Pr.jpg,peugeot_206
wX-jqxZU.jpg,peugeot_206
wX3Pi4xF.jpg,peugeot_206
wX4bGFGi.jpg,peugeot_206
wX5PYZFz.jpg,peugeot_206
wX5T3WRP.jpg,peugeot_206
wX93UUjm.jpg,peugeot_206
wX9fKzqW.jpg,peugeot_206
wX9zEfPd.jpg,peugeot_206
wXCcJOTl.jpg,peugeot_206
wXE_KPnn.jpg,peugeot_206
wXF-HLhO.jpg,peugeot_206
wXn3wxSF.jpg,peugeot_206
wXqOU-ns.jpg,peugeot_206
wXrm7h1m.jpg,peugeot_206
wXsfQUgn.jpg,peugeot_206
wXW61WMf.jpg,peugeot_206
wX_fPDaP.jpg,peugeot_206
AYa4pyn-.jpg,Quick
AYaAq_QE.jpg,Quick
AYaIavmq.jpg,Quick
AYaIluci.jpg,Quick
AYaIoYMc.jpg,Quick
AYakV1kP.jpg,Quick
AYas28q9.jpg,Quick
AYaUGk43.jpg,Quick
AYaUlKsb.jpg,Quick
AYawGAMx.jpg,Quick
AYaY3u8u.jpg,Quick
AYbA6knn.jpg,Quick
AYbE7PaL.jpg,Quick
AYbY76Md.jpg,Quick
AYckeiT4.jpg,Quick
AYcw_5_t.jpg,Quick
AYd826oe.jpg,Quick
AYdAgQ5A.jpg,Quick
AYdAH9bo.jpg,Quick
AYdcka77.jpg,Quick
AYdIJs4t.jpg,Quick
AYdkk6um.jpg,Quick
AYDM_-nA.jpg,Quick
AYdoyuMA.jpg,Quick
AYdQwM6L.jpg,Quick
AYdQYr-_.jpg,Quick
AYdUExZT.jpg,Quick
AYdUgui4.jpg,Quick
AYdUSujK.jpg,Quick
AYe41R1y.jpg,Quick
AYe808jL.jpg,Quick
AYeAcb8I.jpg,Quick
AYec0q8r.jpg,Quick
AYecVMKP.jpg,Quick
AYeE73o8.jpg,Quick
AYegpqZK.jpg,Quick
AYeI1iM2.jpg,Quick
AYeMs_eJ.jpg,Quick
AYeoaaHK.jpg,Quick
AYesFO7A.jpg,Quick
AYeUF4Lq.jpg,Quick
AYeUKsw5.jpg,Quick
AYeUWQwS.jpg,Quick
AYewFtIj.jpg,Quick
AYewkMT3.jpg,Quick
AYeYfYZv.jpg,Quick
AYf05EEj.jpg,Quick
AYf0aUKq.jpg,Quick
AYf0K-jl.jpg,Quick
AYf0mmjS.jpg,Quick
AYf0sNq3.jpg,Quick
AYf86n8A.jpg,Quick
AYf8bJnL.jpg,Quick
AYf8bQnV.jpg,Quick
AYfAbQYI.jpg,Quick
AYfAbSTu.jpg,Quick
AYfAC_Di.jpg,Quick
AYFAX5Wj.jpg,Quick
AYfcKQWT.jpg,Quick
AYfE3RvU.jpg,Quick
AYfEG5e7.jpg,Quick
AYfgKkXg.jpg,Quick
AYfIHliV.jpg,Quick
AYfkdAVE.jpg,Quick
AYFkDFwC.jpg,Quick
AYfkNT_E.jpg,Quick
AYfMaA6X.jpg,Quick
AYfMpCzO.jpg,Quick
AYfMvIaR.jpg,Quick
AYfMZgFq.jpg,Quick
AYfotLPA.jpg,Quick
AYfQ6R_N.jpg,Quick
AYfYdRxP.jpg,Quick
AYg0ON3z.jpg,Quick
AYg0Tl7N.jpg,Quick
AYg4rDIN.jpg,Quick
AYg4vGSS.jpg,Quick
AYG84muk.jpg,Quick
AYg8juq3.jpg,Quick
AYgAtdoj.jpg,Quick
AYGAtsDf.jpg,Quick
AYgAtsNN.jpg,Quick
AYgAxoPG.jpg,Quick
AYgAyXrc.jpg,Quick
AYgcuyj2.jpg,Quick
AYGE24q0.jpg,Quick
AYgEjhCv.jpg,Quick
AYgEPlNx.jpg,Quick
AYgExeJU.jpg,Quick
AYggjzoZ.jpg,Quick
AYgIfkWC.jpg,Quick
AYGkXHfL.jpg,Quick
AYgMivKL.jpg,Quick
AYgMPzAe.jpg,Quick
AYgosj3r.jpg,Quick
AYGQHe_e.jpg,Quick
AYgQN7ba.jpg,Quick
AYgss64k.jpg,Quick
AYgssknH.jpg,Quick
AYgs_m5i.jpg,Quick
AYgUmnx6.jpg,Quick
AYgUP1NC.jpg,Quick
AYgURkJn.jpg,Quick
AYgYem4z.jpg,Quick
AYgYuUX1.jpg,Quick
AYh06Ntx.jpg,Quick
AYh4GMfk.jpg,Quick
AYh4xtmR.jpg,Quick
AYH8e9uz.jpg,Quick
AYhA1WeG.jpg,Quick
AYhcQINo.jpg,Quick
AYhEA8Uo.jpg,Quick
AYhEkYFz.jpg,Quick
AYhgxLmV.jpg,Quick
AYhMC6bF.jpg,Quick
AYhMCEyN.jpg,Quick
AYhMyW6F.jpg,Quick
AYhoj52T.jpg,Quick
AYhQDdDb.jpg,Quick
AYhs0LAi.jpg,Quick
AYhs0Rm5.jpg,Quick
AYhUI_j2.jpg,Quick
AYhUl1PK.jpg,Quick
AYhUlqhr.jpg,Quick
AYHY-Mi2.jpg,Quick
AYhYQmfE.jpg,Quick
AYi0DHWv.jpg,Quick
AYi0nl_q.jpg,Quick
AYi0OU1m.jpg,Quick
AYi0zueJ.jpg,Quick
AYi416p-.jpg,Quick
AYi4mXEL.jpg,Quick
AYi4pn3J.jpg,Quick
AYi4T4K5.jpg,Quick
AYi4Vurb.jpg,Quick
AYi81Ppz.jpg,Quick
AYi8lQCS.jpg,Quick
AYi8sgBz.jpg,Quick
AYiA4eLe.jpg,Quick
AYiAUxg5.jpg,Quick
AYiE0h2X.jpg,Quick
AYiEkBEy.jpg,Quick
AYiEkiqi.jpg,Quick
AYiEkSvk.jpg,Quick
AYiEmuaO.jpg,Quick
AYiENB6M.jpg,Quick
AYiEU7Xv.jpg,Quick
AYig43AC.jpg,Quick
AYig5Cce.jpg,Quick
AYigVqw6.jpg,Quick
AYigykkB.jpg,Quick
AYiIdSeH.jpg,Quick
AYiIM8ZO.jpg,Quick
AYiImtHA.jpg,Quick
AYiIoamB.jpg,Quick
AYikXltG.jpg,Quick
AYiM0QMK.jpg,Quick
AYiMI1fX.jpg,Quick
AYiMZmaY.jpg,Quick
AYio3u3A.jpg,Quick
AYioCea3.jpg,Quick
AYioSKVl.jpg,Quick
AYioTeUY.jpg,Quick
AYiQGm8r.jpg,Quick
AYiQiRVH.jpg,Quick
AYis2ugq.jpg,Quick
AYiscOLF.jpg,Quick
AYisj4Sk.jpg,Quick
AYisY2DS.jpg,Quick
AYiU27Ly.jpg,Quick
AYiU2YvC.jpg,Quick
AYiUSuGW.jpg,Quick
AYiUzo-f.jpg,Quick
AYiwDlgt.jpg,Quick
AYiwlMcW.jpg,Quick
AYiwLys3.jpg,Quick
AYiwW_w3.jpg,Quick
AYiwX8_0.jpg,Quick
AYiYGbw5.jpg,Quick
AYiYX2X2.jpg,Quick
AYj0flPk.jpg,Quick
AYj0oiVj.jpg,Quick
AYj45-a-.jpg,Quick
AYjApsbs.jpg,Quick
AYJAVAIm.jpg,Quick
AYjcdYEL.jpg,Quick
AYjcHojp.jpg,Quick
AYjEOFFQ.jpg,Quick
AYjg3RSn.jpg,Quick
AYjgKUrH.jpg,Quick
AYjIbZ_n.jpg,Quick
AYjIs-x0.jpg,Quick
AYjkPoHQ.jpg,Quick
AYjkqRru.jpg,Quick
AYjkXnLK.jpg,Quick
AYjorjQ4.jpg,Quick
AYjoslG4.jpg,Quick
AYjQ54Gm.jpg,Quick
AYjQOFZa.jpg,Quick
AYjsNhqR.jpg,Quick
AYjwe1sc.jpg,Quick
AYjwo5vw.jpg,Quick
AYjwpZk4.jpg,Quick
AYjY84vQ.jpg,Quick
AYk0zVZZ.jpg,Quick
AYk4c8rB.jpg,Quick
AYk8MpJT.jpg,Quick
AYk8s8N2.jpg,Quick
AYkA9pjL.jpg,Quick
AYkcqTcf.jpg,Quick
AYkg6JSg.jpg,Quick
AYkI9x30.jpg,Quick
AYkItfdj.jpg,Quick
AYkIt_wu.jpg,Quick
AYkkQdX_.jpg,Quick
AYkM0p7A.jpg,Quick
AYkMtcEK.jpg,Quick
AYkoTH0h.jpg,Quick
AYkQ9Fvm.jpg,Quick
AYKsmHxk.jpg,Quick
AYkU9FIR.jpg,Quick
AYkU9pH-.jpg,Quick
AYkUdVkc.jpg,Quick
AYkUqGVh.jpg,Quick
AYkY6DwL.jpg,Quick
AYkYa70p.jpg,Quick
AYkYNAxb.jpg,Quick
AYL0OgsH.jpg,Quick
AYLcdo5-.jpg,Quick
AYLcdPkg.jpg,Quick
AYLMcVOC.jpg,Quick
AYLUdY98.jpg,Quick
AYLYA0H9.jpg,Quick
AYMEBPeM.jpg,Quick
AYMkyQKC.jpg,Quick
AYMQwxcY.jpg,Quick
AYMshhxD.jpg,Quick
AYNATzGE.jpg,Quick
AYNUtRLO.jpg,Quick
AYOEnUYG.jpg,Quick
AYOkmZ1a.jpg,Quick
AYOsmoDM.jpg,Quick
AYPA89qN.jpg,Quick
AYQAjus3.jpg,Quick
AYQcSqWO.jpg,Quick
AYQo1iOx.jpg,Quick
AYQUVvfF.jpg,Quick
AYQUxz2g.jpg,Quick
AYRECdHQ.jpg,Quick
AYRIvrCI.jpg,Quick
AYRo13o2.jpg,Quick
AYS4SZya.jpg,Quick
AYSAmG7i.jpg,Quick
AYSAYyB9.jpg,Quick
AYScXQUg.jpg,Quick
AYSEH0oB.jpg,Quick
AYSkJVzt.jpg,Quick
AYSMpX4R.jpg,Quick
AYSQ2tr_.jpg,Quick
AYSQ7hNf.jpg,Quick
AYSQKHPN.jpg,Quick
AYSsX2m3.jpg,Quick
AYSUbbb1.jpg,Quick
AYSY7UoR.jpg,Quick
AYSYnPCu.jpg,Quick
AYU0vXQ0.jpg,Quick
AYUcVJw0.jpg,Quick
AYUgHb4m.jpg,Quick
AYUIf8wt.jpg,Quick
AYUIk4w_.jpg,Quick
AYUYiVTN.jpg,Quick
AYVcwe8q.jpg,Quick
AYVEChW3.jpg,Quick
AYVkyCva.jpg,Quick
AYVsgknP.jpg,Quick
AYVsxkSM.jpg,Quick
AYVUwum3.jpg,Quick
AYVwYvjT.jpg,Quick
AYVYQep7.jpg,Quick
AYW4m2VX.jpg,Quick
AYW4tghd.jpg,Quick
AYW8ac_t.jpg,Quick
AYW8lcOX.jpg,Quick
AYWA5xLQ.jpg,Quick
AYWcV94i.jpg,Quick
AYWEIu3i.jpg,Quick
AYWgagCj.jpg,Quick
AYWI4cmL.jpg,Quick
AYWou02S.jpg,Quick
AYWscg_2.jpg,Quick
AYWYktny.jpg,Quick
AYX0329w.jpg,Quick
AYX0nGht.jpg,Quick
AYXAe66S.jpg,Quick
AYXcNMNH.jpg,Quick
AYXgMxzf.jpg,Quick
AYXIu13c.jpg,Quick
AYXIuSSQ.jpg,Quick
AYXMbbS8.jpg,Quick
AYY0Pkn9.jpg,Quick
AYYgiRcB.jpg,Quick
AYYQ1M6o.jpg,Quick
AYYQ31h-.jpg,Quick
AYYwFQwG.jpg,Quick
AYZ0TM1-.jpg,Quick
AYZAC8Qg.jpg,Quick
AYZAj4vN.jpg,Quick
AYZARgvb.jpg,Quick
AYZAyXwH.jpg,Quick
AYZcCISp.jpg,Quick
AYZE0g8o.jpg,Quick
AYZEip3f.jpg,Quick
AYZExr7u.jpg,Quick
AYZIgluj.jpg,Quick
AYZkw_qC.jpg,Quick
AYZMhELn.jpg,Quick
AYZoBPQe.jpg,Quick
AYZoUCzZ.jpg,Quick
AYZQCHHD.jpg,Quick
AYZslPoZ.jpg,Quick
gX6XOmj5.jpg,Quick
gX93k-Va.jpg,Quick
gX9zUwAw.jpg,Quick
gXbCvwoB.jpg,Quick
gXbeMvaF.jpg,Quick
gXD76fuq.jpg,Quick
gXDX6rle.jpg,Quick
gXegrTnp.jpg,Quick
gXNmXA2a.jpg,Quick
QX99MLS_.jpg,Quick
QXKf3Q7u.jpg,Quick
wX03An8Z.jpg,Quick
wX0mNRWs.jpg,Quick
wX13bIyt.jpg,Quick
wX6nsEOB.jpg,Quick
wX6reYaA.jpg,Quick
wX9n5GgZ.jpg,Quick
wX9zjH3m.jpg,Quick
wXErp9o2.jpg,Quick
wXFn-XZU.jpg,Quick
wXFW192-.jpg,Quick
wXg_Td7L.jpg,Quick
wXHjyvCQ.jpg,Quick
wXijN2oo.jpg,Quick
wXLY-y0B.jpg,Quick
wXr7A68V.jpg,Quick
wXsC-Mj-.jpg,Quick
wXUHHXqY.jpg,Quick
wXw5G_qF.jpg,Quick
wXwrRKP5.jpg,Quick
wX_v-rI7.jpg,Quick
AYac_2eS.jpg,Samand_LX
AYasWz6C.jpg,Samand_LX
AYb4KVcV.jpg,Samand_LX
AYbAqHdK.jpg,Samand_LX
AYbArixn.jpg,Samand_LX
AYbk6vyd.jpg,Samand_LX
AYbkePCW.jpg,Samand_LX
AYbkvlgO.jpg,Samand_LX
AYbMKqlB.jpg,Samand_LX
AYbo7WwK.jpg,Samand_LX
AYbs7I0j.jpg,Samand_LX
AYbsaqmk.jpg,Samand_LX
AYbUbF60.jpg,Samand_LX
AYbw7OP6.jpg,Samand_LX
AYbwKVdP.jpg,Samand_LX
AYc0lQSv.jpg,Samand_LX
AYc0_4-q.jpg,Samand_LX
AYc4BoFV.jpg,Samand_LX
AYc4_Tni.jpg,Samand_LX
AYc8B1sx.jpg,Samand_LX
AYccCcgj.jpg,Samand_LX
AYcE1sZ3.jpg,Samand_LX
AYcgVXJF.jpg,Samand_LX
AYCobnod.jpg,Samand_LX
AYcoTTs9.jpg,Samand_LX
AYcskaqk.jpg,Samand_LX
AYcsUDXK.jpg,Samand_LX
AYcsVcDD.jpg,Samand_LX
AYcsxtYt.jpg,Samand_LX
AYcw8pX-.jpg,Samand_LX
AYcwvebs.jpg,Samand_LX
AYcwxpFJ.jpg,Samand_LX
AYcwy2_u.jpg,Samand_LX
AYcYy6wA.jpg,Samand_LX
AYd0Jzc7.jpg,Samand_LX
AYd4R-sd.jpg,Samand_LX
AYdcFk4l.jpg,Samand_LX
AYdEiJ5r.jpg,Samand_LX
AYdgAqDF.jpg,Samand_LX
AYdIgFjy.jpg,Samand_LX
AYdIhLtt.jpg,Samand_LX
AYdIp9Tw.jpg,Samand_LX
AYdIQB4N.jpg,Samand_LX
AYdIqCXA.jpg,Samand_LX
AYdIwWbg.jpg,Samand_LX
AYdkqI_Y.jpg,Samand_LX
AYdMDlRp.jpg,Samand_LX
AYdMHkIJ.jpg,Samand_LX
AYdMSwFr.jpg,Samand_LX
AYdMwuvd.jpg,Samand_LX
AYdMy2Q4.jpg,Samand_LX
AYdMZXGY.jpg,Samand_LX
AYdoKq8y.jpg,Samand_LX
AYdoRZng.jpg,Samand_LX
AYdsAuh9.jpg,Samand_LX
AYdUpB_z.jpg,Samand_LX
AYdUQW8e.jpg,Samand_LX
AYdUZfIL.jpg,Samand_LX
AYdwQZul.jpg,Samand_LX
AYdYA7ya.jpg,Samand_LX
AYdYapqP.jpg,Samand_LX
AYdYguZc.jpg,Samand_LX
AYdYIAlv.jpg,Samand_LX
AYdYiiCe.jpg,Samand_LX
AYdYx0xw.jpg,Samand_LX
AYe0fCgb.jpg,Samand_LX
AYe0FuUg.jpg,Samand_LX
AYe0VLpf.jpg,Samand_LX
AYe0ZgyC.jpg,Samand_LX
AYe43kVG.jpg,Samand_LX
AYe4dTNd.jpg,Samand_LX
AYE4y6eH.jpg,Samand_LX
AYe4yyJ0.jpg,Samand_LX
AYe841qm.jpg,Samand_LX
AYe8d9KZ.jpg,Samand_LX
AYe8EfFr.jpg,Samand_LX
AYe8EhHq.jpg,Samand_LX
AYeA1-F6.jpg,Samand_LX
AYeA1D4i.jpg,Samand_LX
AYeAJt9c.jpg,Samand_LX
AYeAlhBM.jpg,Samand_LX
AYeAOO6S.jpg,Samand_LX
AYeAVHJg.jpg,Samand_LX
AYeAXk1n.jpg,Samand_LX
AYeA_5pK.jpg,Samand_LX
AYecGAh5.jpg,Samand_LX
AYecku57.jpg,Samand_LX
AYecNN7Z.jpg,Samand_LX
AYecoPly.jpg,Samand_LX
AYeE0esk.jpg,Samand_LX
AYeEqsHy.jpg,Samand_LX
AYeEVLW9.jpg,Samand_LX
AYegEcTN.jpg,Samand_LX
AYegktUt.jpg,Samand_LX
AYegteBm.jpg,Samand_LX
AYeI9IUh.jpg,Samand_LX
AYeId8tz.jpg,Samand_LX
AYeII-fc.jpg,Samand_LX
AYeIoNcU.jpg,Samand_LX
AYekodjk.jpg,Samand_LX
AYeM0ay3.jpg,Samand_LX
AYeMeHzw.jpg,Samand_LX
AYeMlHdu.jpg,Samand_LX
AYeMpiCG.jpg,Samand_LX
AYeo-MOt.jpg,Samand_LX
AYeo2hkO.jpg,Samand_LX
AYeoVmGD.jpg,Samand_LX
AYeQ-jZo.jpg,Samand_LX
AYeQEy_L.jpg,Samand_LX
AYeQGWa6.jpg,Samand_LX
AYeQlLkm.jpg,Samand_LX
AYesJb1Y.jpg,Samand_LX
AYesPtQG.jpg,Samand_LX
AYes_UMQ.jpg,Samand_LX
AYeUJTcj.jpg,Samand_LX
AYeUmRZH.jpg,Samand_LX
AYeUq1t9.jpg,Samand_LX
AYewdsii.jpg,Samand_LX
AYewIcV-.jpg,Samand_LX
AYewjBJ2.jpg,Samand_LX
AYewUBJw.jpg,Samand_LX
AYf0LESy.jpg,Samand_LX
AYfAZcql.jpg,Samand_LX
AYfc5RT2.jpg,Samand_LX
AYfc5x76.jpg,Samand_LX
AYfccECp.jpg,Samand_LX
AYfcMNfA.jpg,Samand_LX
AYfcN7g9.jpg,Samand_LX
AYfcsIOx.jpg,Samand_LX
AYfcue6g.jpg,Samand_LX
AYfE9APT.jpg,Samand_LX
AYfEMHSQ.jpg,Samand_LX
AYfgJfvW.jpg,Samand_LX
AYfgXvxt.jpg,Samand_LX
AYfgZa9q.jpg,Samand_LX
AYfIZAFu.jpg,Samand_LX
AYfkQCbm.jpg,Samand_LX
AYfM9_jy.jpg,Samand_LX
AYfMtmg7.jpg,Samand_LX
AYfo2hrD.jpg,Samand_LX
AYfoGPfk.jpg,Samand_LX
AYfoLm0o.jpg,Samand_LX
AYfoMhx-.jpg,Samand_LX
AYfoMoaA.jpg,Samand_LX
AYfQ5K0R.jpg,Samand_LX
AYfQpl6W.jpg,Samand_LX
AYfs5M-9.jpg,Samand_LX
AYfsePoL.jpg,Samand_LX
AYfsMsrV.jpg,Samand_LX
AYfspR0j.jpg,Samand_LX
AYfUdxZH.jpg,Samand_LX
AYfwrex-.jpg,Samand_LX
AYfYMSLZ.jpg,Samand_LX
AYg0faQq.jpg,Samand_LX
AYg0uQPp.jpg,Samand_LX
AYg47Iim.jpg,Samand_LX
AYg8kpEO.jpg,Samand_LX
AYg8uZQ_.jpg,Samand_LX
AYgAv9YE.jpg,Samand_LX
AYgAvctp.jpg,Samand_LX
AYgAy8o7.jpg,Samand_LX
AYgc8A8e.jpg,Samand_LX
AYgcfRei.jpg,Samand_LX
AYgEzD9F.jpg,Samand_LX
AYgg-y1-.jpg,Samand_LX
AYggE5lD.jpg,Samand_LX
AYggkdBo.jpg,Samand_LX
AYgg_Hh_.jpg,Samand_LX
AYgIu3Ug.jpg,Samand_LX
AYgM-INH.jpg,Samand_LX
AYgMVGvG.jpg,Samand_LX
AYgQOrab.jpg,Samand_LX
AYgs8ZPL.jpg,Samand_LX
AYgsOD-k.jpg,Samand_LX
AYgUOeYL.jpg,Samand_LX
AYgUP785.jpg,Samand_LX
AYgw9Jn6.jpg,Samand_LX
AYgwGL-O.jpg,Samand_LX
AYgwyw9f.jpg,Samand_LX
AYgw_Psf.jpg,Samand_LX
AYgYvc_j.jpg,Samand_LX
AYh04Dt6.jpg,Samand_LX
AYh0jUUA.jpg,Samand_LX
AYh44lRx.jpg,Samand_LX
AYh8226u.jpg,Samand_LX
AYh8Em3m.jpg,Samand_LX
AYh8XHrJ.jpg,Samand_LX
AYhAknfx.jpg,Samand_LX
AYhAlHcc.jpg,Samand_LX
AYhAnwsg.jpg,Samand_LX
AYhc3_SG.jpg,Samand_LX
AYhciIb4.jpg,Samand_LX
AYhcRhbR.jpg,Samand_LX
AYhE3adf.jpg,Samand_LX
AYhEZTxj.jpg,Samand_LX
AYhg3ldL.jpg,Samand_LX
AYhgDWB4.jpg,Samand_LX
AYhgGFD8.jpg,Samand_LX
AYhgQDap.jpg,Samand_LX
AYhgXBUx.jpg,Samand_LX
AYhI5Jgj.jpg,Samand_LX
AYhIkwMN.jpg,Samand_LX
AYhIRlLP.jpg,Samand_LX
AYhIzyLX.jpg,Samand_LX
AYhkjmRW.jpg,Samand_LX
AYhkybQ1.jpg,Samand_LX
AYhMY7BP.jpg,Samand_LX
AYhoD8PG.jpg,Samand_LX
AYhoDHv_.jpg,Samand_LX
AYhozAvw.jpg,Samand_LX
AYhQDTcw.jpg,Samand_LX
AYhQyroP.jpg,Samand_LX
AYhs4hpn.jpg,Samand_LX
AYhsGfcV.jpg,Samand_LX
AYhsiqkt.jpg,Samand_LX
AYhsIWac.jpg,Samand_LX
AYhsmjy4.jpg,Samand_LX
AYhso0Ig.jpg,Samand_LX
AYhsRtw9.jpg,Samand_LX
AYhUDcfk.jpg,Samand_LX
AYhUI5j4.jpg,Samand_LX
AYhUSDRc.jpg,Samand_LX
AYhUXafn.jpg,Samand_LX
AYhwCkcU.jpg,Samand_LX
AYhwiMmp.jpg,Samand_LX
AYhwyDDo.jpg,Samand_LX
AYi03RoY.jpg,Samand_LX
AYi09y67.jpg,Samand_LX
AYi0cLqo.jpg,Samand_LX
AYi0DkDr.jpg,Samand_LX
AYi0jRcx.jpg,Samand_LX
AYi0Luey.jpg,Samand_LX
AYi0rmv7.jpg,Samand_LX
AYi41PG4.jpg,Samand_LX
AYi4BuLV.jpg,Samand_LX
AYi4D7c0.jpg,Samand_LX
AYi4G8Pl.jpg,Samand_LX
AYi4kV1p.jpg,Samand_LX
AYi4lKLe.jpg,Samand_LX
AYi4pVkg.jpg,Samand_LX
AYi4rrSk.jpg,Samand_LX
AYi4tKEf.jpg,Samand_LX
AYi4Yi_6.jpg,Samand_LX
AYi4Zi-h.jpg,Samand_LX
AYi8G5-J.jpg,Samand_LX
AYi8I4um.jpg,Samand_LX
AYi8mLKR.jpg,Samand_LX
AYiA2xOp.jpg,Samand_LX
AYiA3ZS6.jpg,Samand_LX
AYiA4jJp.jpg,Samand_LX
AYiA4mST.jpg,Samand_LX
AYiA4swP.jpg,Samand_LX
AYiAE0sB.jpg,Samand_LX
AYiAJbWX.jpg,Samand_LX
AYiAkK5B.jpg,Samand_LX
AYiAsv7a.jpg,Samand_LX
AYiAU4z6.jpg,Samand_LX
AYiAWmz3.jpg,Samand_LX
AYiAWzBV.jpg,Samand_LX
AYiAXsuu.jpg,Samand_LX
AYickwUK.jpg,Samand_LX
AYicOcni.jpg,Samand_LX
AYicPHhy.jpg,Samand_LX
AYics1EZ.jpg,Samand_LX
AYiE0tRA.jpg,Samand_LX
AYiEbZzk.jpg,Samand_LX
AYiEI-UX.jpg,Samand_LX
AYiEka8L.jpg,Samand_LX
AYiEMLIa.jpg,Samand_LX
AYiEWnR5.jpg,Samand_LX
AYig6F1s.jpg,Samand_LX
AYigheV1.jpg,Samand_LX
AYigmnZi.jpg,Samand_LX
AYignQVu.jpg,Samand_LX
AYigoCib.jpg,Samand_LX
AYiIc2SB.jpg,Samand_LX
AYiIDm9p.jpg,Samand_LX
AYiIkvYO.jpg,Samand_LX
AYiIT13Z.jpg,Samand_LX
AYiIvPvr.jpg,Samand_LX
AYikahFB.jpg,Samand_LX
AYikiCdy.jpg,Samand_LX
AYikmGBj.jpg,Samand_LX
AYiksz2z.jpg,Samand_LX
AYikyHOT.jpg,Samand_LX
AYiM0F2_.jpg,Samand_LX
AYiMIJwg.jpg,Samand_LX
AYiMjj36.jpg,Samand_LX
AYiMT1u3.jpg,Samand_LX
AYioEoWq.jpg,Samand_LX
AYioiCXQ.jpg,Samand_LX
AYIoimq3.jpg,Samand_LX
AYioswW-.jpg,Samand_LX
AYioZLxp.jpg,Samand_LX
AYiQ25Kc.jpg,Samand_LX
AYiQ4Oth.jpg,Samand_LX
AYiQDtXW.jpg,Samand_LX
AYiQJSpe.jpg,Samand_LX
AYiQOq-p.jpg,Samand_LX
AYiQTL8V.jpg,Samand_LX
AYiQTM2l.jpg,Samand_LX
AYiQTs1v.jpg,Samand_LX
AYiQWHNz.jpg,Samand_LX
AYis2OOZ.jpg,Samand_LX
AYis5I2F.jpg,Samand_LX
AYisJ1OJ.jpg,Samand_LX
AYisJbhQ.jpg,Samand_LX
AYisMVhY.jpg,Samand_LX
AYisW670.jpg,Samand_LX
AYisWBVA.jpg,Samand_LX
AYiU6YWf.jpg,Samand_LX
AYiUBtF8.jpg,Samand_LX
AYiUCvY2.jpg,Samand_LX
AYiUEg9C.jpg,Samand_LX
AYiUNjwi.jpg,Samand_LX
AYiUuj8s.jpg,Samand_LX
AYiUWICn.jpg,Samand_LX
AYiUWl7Y.jpg,Samand_LX
AYiUWp9d.jpg,Samand_LX
AYiw3ZsB.jpg,Samand_LX
AYiwbocX.jpg,Samand_LX
AYiwE50W.jpg,Samand_LX
AYiwrovZ.jpg,Samand_LX
AYiY37eq.jpg,Samand_LX
AYiY5YS1.jpg,Samand_LX
AYiYEs4O.jpg,Samand_LX
AYiYNWMA.jpg,Samand_LX
AYiYYorl.jpg,Samand_LX
AYj07Dkq.jpg,Samand_LX
AYj07_AI.jpg,Samand_LX
AYj0bL-h.jpg,Samand_LX
AYj0IZwR.jpg,Samand_LX
AYj47GHb.jpg,Samand_LX
AYj4sPAj.jpg,Samand_LX
AYj856ri.jpg,Samand_LX
AYj8c321.jpg,Samand_LX
AYjA5Zpy.jpg,Samand_LX
AYjA7DKy.jpg,Samand_LX
AYjAdREo.jpg,Samand_LX
AYjAdZys.jpg,Samand_LX
AYjAIdag.jpg,Samand_LX
AYjANbxk.jpg,Samand_LX
AYjAREdG.jpg,Samand_LX
AYjAsTD_.jpg,Samand_LX
AYjcaHrZ.jpg,Samand_LX
AYjcaxgB.jpg,Samand_LX
AYjcIRj1.jpg,Samand_LX
AYjEIMe5.jpg,Samand_LX
AYjEJ2q1.jpg,Samand_LX
AYjEjMYQ.jpg,Samand_LX
AYjEmByk.jpg,Samand_LX
AYjENisd.jpg,Samand_LX
AYjgMc3N.jpg,Samand_LX
AYjI4FLb.jpg,Samand_LX
AYjIJMiG.jpg,Samand_LX
AYjINwq_.jpg,Samand_LX
AYjIt563.jpg,Samand_LX
AYjIXrbR.jpg,Samand_LX
AYjk7C30.jpg,Samand_LX
AYjMbSIc.jpg,Samand_LX
AYjMd0Ep.jpg,Samand_LX
AYjMr1do.jpg,Samand_LX
AYjoJrpZ.jpg,Samand_LX
AYjoLJEu.jpg,Samand_LX
AYjoqQ0V.jpg,Samand_LX
AYjoZnhl.jpg,Samand_LX
AYjoZV9h.jpg,Samand_LX
AYjQ46-D.jpg,Samand_LX
AYjQIPto.jpg,Samand_LX
AYjQJdVM.jpg,Samand_LX
AYjsadv5.jpg,Samand_LX
AYjsaMza.jpg,Samand_LX
AYjsnwge.jpg,Samand_LX
AYjU9xvK.jpg,Samand_LX
AYjUa1z1.jpg,Samand_LX
AYjwbJBX.jpg,Samand_LX
AYjwXRr8.jpg,Samand_LX
AYjYIKME.jpg,Samand_LX
AYjYrUNB.jpg,Samand_LX
AYjYZB3z.jpg,Samand_LX
AYk4gELy.jpg,Samand_LX
AYk8rEqN.jpg,Samand_LX
AYkAcq9d.jpg,Samand_LX
AYkASpzf.jpg,Samand_LX
AYkc9P1W.jpg,Samand_LX
AYkcNiEJ.jpg,Samand_LX
AYkcNtU6.jpg,Samand_LX
AYkEBTDG.jpg,Samand_LX
AYkg9Lu7.jpg,Samand_LX
AYkgBxw3.jpg,Samand_LX
AYkI0osj.jpg,Samand_LX
AYkIqZ0G.jpg,Samand_LX
AYkkdFCQ.jpg,Samand_LX
AYkkQCLq.jpg,Samand_LX
AYkkxlsO.jpg,Samand_LX
AYkMwxAY.jpg,Samand_LX
AYkMxS7_.jpg,Samand_LX
AYkoBK53.jpg,Samand_LX
AYkoNKg0.jpg,Samand_LX
AYkoROV8.jpg,Samand_LX
AYkQ6xcv.jpg,Samand_LX
AYkQ9xe6.jpg,Samand_LX
AYkQNL9j.jpg,Samand_LX
AYkU0uci.jpg,Samand_LX
AYkU0UoC.jpg,Samand_LX
AYkU8kXm.jpg,Samand_LX
AYkUBsSf.jpg,Samand_LX
AYkUnXMj.jpg,Samand_LX
AYkURm9t.jpg,Samand_LX
AYkURzWK.jpg,Samand_LX
AYkUsWUk.jpg,Samand_LX
AYkUtzpH.jpg,Samand_LX
AYkYB1PD.jpg,Samand_LX
AYkYdarB.jpg,Samand_LX
AYkYdcfx.jpg,Samand_LX
AYkYNZA_.jpg,Samand_LX
AYkYQqCa.jpg,Samand_LX
AYLsdx60.jpg,Samand_LX
AYMwRSQA.jpg,Samand_LX
AYNEXDKw.jpg,Samand_LX
AYNgFah2.jpg,Samand_LX
AYNsyUQm.jpg,Samand_LX
AYOcIr7v.jpg,Samand_LX
AYOQIcg8.jpg,Samand_LX
AYOwWSu4.jpg,Samand_LX
AYPkM36K.jpg,Samand_LX
AYPQtsGx.jpg,Samand_LX
AYPYdOZO.jpg,Samand_LX
AYSILWTy.jpg,Samand_LX
AYSIX2OS.jpg,Samand_LX
AYUMDYCz.jpg,Samand_LX
AYUYBB7v.jpg,Samand_LX
AYV0RI5Y.jpg,Samand_LX
AYVEQwPi.jpg,Samand_LX
AYVozfAh.jpg,Samand_LX
AYWMFf_T.jpg,Samand_LX
AYWskJE7.jpg,Samand_LX
AYXAu1Zw.jpg,Samand_LX
AYXo6GHT.jpg,Samand_LX
AYYAQAJc.jpg,Samand_LX
AYYwP5NP.jpg,Samand_LX
AYYY9xcB.jpg,Samand_LX
AYZ03_LH.jpg,Samand_LX
AYZESP9a.jpg,Samand_LX
AYZIhr3O.jpg,Samand_LX
AYZIjDcp.jpg,Samand_LX
AYZIKDbQ.jpg,Samand_LX
AYZMRIMJ.jpg,Samand_LX
AYZQgVZT.jpg,Samand_LX
gXJSYdrL.jpg,Samand_LX
gXRG2fEA.jpg,Samand_LX
gXSebgop.jpg,Samand_LX
gXVO56ai.jpg,Samand_LX
gXw3UGjA.jpg,Samand_LX
gXYGwsj3.jpg,Samand_LX
QXInO4GN.jpg,Samand_LX
wX-qEX7G.jpg,Samand_LX
wX-XQHVt.jpg,Samand_LX
wX0405at.jpg,Samand_LX
wX0dxJme.jpg,Samand_LX
wX0HYCzh.jpg,Samand_LX
wX1cQQ9P.jpg,Samand_LX
wX5jU21S.jpg,Samand_LX
wX673nLN.jpg,Samand_LX
wX6_XBI9.jpg,Samand_LX
wX7f2y3b.jpg,Samand_LX
wX7X_4Qt.jpg,Samand_LX
wX8HwOtH.jpg,Samand_LX
wX9z2X0o.jpg,Samand_LX
wXBMFO-T.jpg,Samand_LX
wXjH0A7e.jpg,Samand_LX
wXnbBt7u.jpg,Samand_LX
wXOVwbKk.jpg,Samand_LX
wXprI94C.jpg,Samand_LX
wXQDZFqk.jpg,Samand_LX
wXyUuQu3.jpg,Samand_LX
AYa8euKw.jpg,Tiba_Hatchback
AYaANW83.jpg,Tiba_Hatchback
AYaEJL-k.jpg,Tiba_Hatchback
AYaEZPl4.jpg,Tiba_Hatchback
AYAkRfpK.jpg,Tiba_Hatchback
AYaMnOCV.jpg,Tiba_Hatchback
AYaof1yn.jpg,Tiba_Hatchback
AYaoJSu7.jpg,Tiba_Hatchback
AYawaeB1.jpg,Tiba_Hatchback
AYB07YNr.jpg,Tiba_Hatchback
AYBAXBa4.jpg,Tiba_Hatchback
AYbcqU4x.jpg,Tiba_Hatchback
AYbE6RO0.jpg,Tiba_Hatchback
AYBE8akT.jpg,Tiba_Hatchback
AYBgFhYw.jpg,Tiba_Hatchback
AYbk68eO.jpg,Tiba_Hatchback
AYbQ3sct.jpg,Tiba_Hatchback
AYbUjiOl.jpg,Tiba_Hatchback
AYc49W1W.jpg,Tiba_Hatchback
AYCI7ENT.jpg,Tiba_Hatchback
AYCkYh14.jpg,Tiba_Hatchback
AYCkZpr4.jpg,Tiba_Hatchback
AYCsHhZS.jpg,Tiba_Hatchback
AYCw5BvT.jpg,Tiba_Hatchback
AYd4z0F3.jpg,Tiba_Hatchback
AYdcA2EY.jpg,Tiba_Hatchback
AYdcQ2sd.jpg,Tiba_Hatchback
AYdIrWt2.jpg,Tiba_Hatchback
AYdk142W.jpg,Tiba_Hatchback
AYdkAeXr.jpg,Tiba_Hatchback
AYdkgkvu.jpg,Tiba_Hatchback
AYDMOCPS.jpg,Tiba_Hatchback
AYE03lX4.jpg,Tiba_Hatchback
AYe86UtV.jpg,Tiba_Hatchback
AYE8k05V.jpg,Tiba_Hatchback
AYe8W8gb.jpg,Tiba_Hatchback
AYeADgYS.jpg,Tiba_Hatchback
AYEEidep.jpg,Tiba_Hatchback
AYeEK5Oy.jpg,Tiba_Hatchback
AYeEMfri.jpg,Tiba_Hatchback
AYeEnPln.jpg,Tiba_Hatchback
AYekN77X.jpg,Tiba_Hatchback
AYeMGQH-.jpg,Tiba_Hatchback
AYeoe1Vu.jpg,Tiba_Hatchback
AYeoOZ0x.jpg,Tiba_Hatchback
AYEop5XA.jpg,Tiba_Hatchback
AYEQzliI.jpg,Tiba_Hatchback
AYesOWRf.jpg,Tiba_Hatchback
AYesUW7R.jpg,Tiba_Hatchback
AYesY-bD.jpg,Tiba_Hatchback
AYeU-pjl.jpg,Tiba_Hatchback
AYEw1QLP.jpg,Tiba_Hatchback
AYEwGa_d.jpg,Tiba_Hatchback
AYeYIbql.jpg,Tiba_Hatchback
AYeYK96u.jpg,Tiba_Hatchback
AYF0g78V.jpg,Tiba_Hatchback
AYf4m8x7.jpg,Tiba_Hatchback
AYFAULiI.jpg,Tiba_Hatchback
AYfAYtjw.jpg,Tiba_Hatchback
AYfgp4qV.jpg,Tiba_Hatchback
AYFI2jXX.jpg,Tiba_Hatchback
AYfIqSQv.jpg,Tiba_Hatchback
AYFkFUkR.jpg,Tiba_Hatchback
AYfUYG8Q.jpg,Tiba_Hatchback
AYFY1Xs0.jpg,Tiba_Hatchback
AYg4uuHj.jpg,Tiba_Hatchback
AYg8dODl.jpg,Tiba_Hatchback
AYgAeag5.jpg,Tiba_Hatchback
AYgE_mY9.jpg,Tiba_Hatchback
AYggUnQY.jpg,Tiba_Hatchback
AYgM04uL.jpg,Tiba_Hatchback
AYGM4ClQ.jpg,Tiba_Hatchback
AYgoPjrw.jpg,Tiba_Hatchback
AYgQeWzh.jpg,Tiba_Hatchback
AYgsPwHy.jpg,Tiba_Hatchback
AYgUeh63.jpg,Tiba_Hatchback
AYgwPy9Y.jpg,Tiba_Hatchback
AYhEhMsm.jpg,Tiba_Hatchback
AYHIe9dy.jpg,Tiba_Hatchback
AYhQAfcq.jpg,Tiba_Hatchback
AYhsBsKS.jpg,Tiba_Hatchback
AYhshOkQ.jpg,Tiba_Hatchback
AYhYgFfK.jpg,Tiba_Hatchback
AYI4AEMG.jpg,Tiba_Hatchback
AYi4cdX9.jpg,Tiba_Hatchback
AYi4qX4z.jpg,Tiba_Hatchback
AYi8l07M.jpg,Tiba_Hatchback
AYi8o7c3.jpg,Tiba_Hatchback
AYi8UdGZ.jpg,Tiba_Hatchback
AYi8UhwY.jpg,Tiba_Hatchback
AYiA2mf1.jpg,Tiba_Hatchback
AYiAt1O2.jpg,Tiba_Hatchback
AYicF-Cz.jpg,Tiba_Hatchback
AYicU39B.jpg,Tiba_Hatchback
AYiEVDu-.jpg,Tiba_Hatchback
AYiI0eeL.jpg,Tiba_Hatchback
AYiIdFGw.jpg,Tiba_Hatchback
AYiIGvg7.jpg,Tiba_Hatchback
AYiIWY09.jpg,Tiba_Hatchback
AYiMau3p.jpg,Tiba_Hatchback
AYio49re.jpg,Tiba_Hatchback
AYIQ0HcW.jpg,Tiba_Hatchback
AYiUq1nP.jpg,Tiba_Hatchback
AYiUUWjq.jpg,Tiba_Hatchback
AYiwlidw.jpg,Tiba_Hatchback
AYiYEUg2.jpg,Tiba_Hatchback
AYiYpxl1.jpg,Tiba_Hatchback
AYjc5YCB.jpg,Tiba_Hatchback
AYJcE9Ll.jpg,Tiba_Hatchback
AYJcKs06.jpg,Tiba_Hatchback
AYjEYqW_.jpg,Tiba_Hatchback
AYJg9haz.jpg,Tiba_Hatchback
AYJghs4p.jpg,Tiba_Hatchback
AYjIZC0i.jpg,Tiba_Hatchback
AYJM8DyG.jpg,Tiba_Hatchback
AYjMweDo.jpg,Tiba_Hatchback
AYjoJw1p.jpg,Tiba_Hatchback
AYjs16T0.jpg,Tiba_Hatchback
AYjs9nwC.jpg,Tiba_Hatchback
AYjsfuHr.jpg,Tiba_Hatchback
AYJU0T23.jpg,Tiba_Hatchback
AYjUWC5D.jpg,Tiba_Hatchback
AYk4TIQZ.jpg,Tiba_Hatchback
AYk4z7XZ.jpg,Tiba_Hatchback
AYKAbzt-.jpg,Tiba_Hatchback
AYkAx66p.jpg,Tiba_Hatchback
AYkIKwcd.jpg,Tiba_Hatchback
AYkkBiuD.jpg,Tiba_Hatchback
AYKM7Q1Y.jpg,Tiba_Hatchback
AYkM9VQS.jpg,Tiba_Hatchback
AYko8G6B.jpg,Tiba_Hatchback
AYkoObCn.jpg,Tiba_Hatchback
AYksjBH5.jpg,Tiba_Hatchback
AYkUdK9T.jpg,Tiba_Hatchback
AYkYcKdc.jpg,Tiba_Hatchback
AYkYMDMT.jpg,Tiba_Hatchback
AYkYvNcI.jpg,Tiba_Hatchback
AYlcg2xk.jpg,Tiba_Hatchback
AYLEisRo.jpg,Tiba_Hatchback
AYlEwfj_.jpg,Tiba_Hatchback
AYlgh9gG.jpg,Tiba_Hatchback
AYlIgy9v.jpg,Tiba_Hatchback
AYlQwE5W.jpg,Tiba_Hatchback
AYlQx60W.jpg,Tiba_Hatchback
AYLUteVl.jpg,Tiba_Hatchback
AYNA0CFo.jpg,Tiba_Hatchback
AYNche_W.jpg,Tiba_Hatchback
AYNgQxKZ.jpg,Tiba_Hatchback
AYNMUgPA.jpg,Tiba_Hatchback
AYNQCC4l.jpg,Tiba_Hatchback
AYNsOeTf.jpg,Tiba_Hatchback
AYNUo4Rz.jpg,Tiba_Hatchback
AYNwUcCa.jpg,Tiba_Hatchback
AYO427ou.jpg,Tiba_Hatchback
AYOAq3t0.jpg,Tiba_Hatchback
AYOc2-f6.jpg,Tiba_Hatchback
AYOcW3do.jpg,Tiba_Hatchback
AYOIX9vf.jpg,Tiba_Hatchback
AYP8eRgR.jpg,Tiba_Hatchback
AYPkMZ4F.jpg,Tiba_Hatchback
AYQcyS1E.jpg,Tiba_Hatchback
AYQkBb3G.jpg,Tiba_Hatchback
AYQoVlTk.jpg,Tiba_Hatchback
AYREg32x.jpg,Tiba_Hatchback
AYRMW_-h.jpg,Tiba_Hatchback
AYRsxjC4.jpg,Tiba_Hatchback
AYRUClUy.jpg,Tiba_Hatchback
AYSgm847.jpg,Tiba_Hatchback
AYV803zE.jpg,Tiba_Hatchback
AYVE3aIn.jpg,Tiba_Hatchback
AYVgw6sv.jpg,Tiba_Hatchback
AYVoUAYP.jpg,Tiba_Hatchback
AYVsW6yx.jpg,Tiba_Hatchback
AYVUW1Ga.jpg,Tiba_Hatchback
AYVwDxDB.jpg,Tiba_Hatchback
AYVwS6xL.jpg,Tiba_Hatchback
AYW02I5f.jpg,Tiba_Hatchback
AYX87kyq.jpg,Tiba_Hatchback
AYY0-Opp.jpg,Tiba_Hatchback
AYY487yG.jpg,Tiba_Hatchback
AYY4BERt.jpg,Tiba_Hatchback
AYY4cq0A.jpg,Tiba_Hatchback
AYY4cWk_.jpg,Tiba_Hatchback
AYYcOuPJ.jpg,Tiba_Hatchback
AYYEyHS-.jpg,Tiba_Hatchback
AYYoEbL9.jpg,Tiba_Hatchback
AYYQ_KVu.jpg,Tiba_Hatchback
AYYsjWrz.jpg,Tiba_Hatchback
AYYwcBxK.jpg,Tiba_Hatchback
AYZc0nvV.jpg,Tiba_Hatchback
AYZEDVca.jpg,Tiba_Hatchback
AYZIhJtK.jpg,Tiba_Hatchback
AYZQSy4T.jpg,Tiba_Hatchback
AYZUxPwK.jpg,Tiba_Hatchback
AYZYw8lt.jpg,Tiba_Hatchback
gXa-Z22l.jpg,Tiba_Hatchback
gXhaTMOU.jpg,Tiba_Hatchback
gXmbpGAn.jpg,Tiba_Hatchback
gXP_Uqm0.jpg,Tiba_Hatchback
QX9CUna-.jpg,Tiba_Hatchback
QXRyLJkq.jpg,Tiba_Hatchback
wX5X5yJL.jpg,Tiba_Hatchback
wX6PaqXe.jpg,Tiba_Hatchback
wX7nPKDK.jpg,Tiba_Hatchback
wX8DQF6M.jpg,Tiba_Hatchback
wX9DP9RQ.jpg,Tiba_Hatchback
wX9f11Bz.jpg,Tiba_Hatchback
wX9Hlv0L.jpg,Tiba_Hatchback
wX9POUpt.jpg,Tiba_Hatchback
wX9rqRT5.jpg,Tiba_Hatchback
wXDDW1LN.jpg,Tiba_Hatchback
wXgzEjeS.jpg,Tiba_Hatchback
wXLK_jrK.jpg,Tiba_Hatchback
wXnBiwBd.jpg,Tiba_Hatchback
wXpfb6c_.jpg,Tiba_Hatchback
wXqHdl7n.jpg,Tiba_Hatchback
wXrtTO78.jpg,Tiba_Hatchback
wXsWv8Jm.jpg,Tiba_Hatchback
wXuVvr9y.jpg,Tiba_Hatchback
wXv6mNjN.jpg,Tiba_Hatchback
wXvr3gGk.jpg,Tiba_Hatchback
wXx5LvOf.jpg,Tiba_Hatchback
wXxszbBZ.jpg,Tiba_Hatchback
wXYH5XVw.jpg,Tiba_Hatchback
wXyTdDlK.jpg,Tiba_Hatchback
wXzdQe7H.jpg,Tiba_Hatchback
